{
	"info": {
		"_postman_id": "e8d2a338-87b3-4ab2-9ccc-335541618f79",
		"name": "CryptoKicks",
		"schema": "https://schema.getpostman.com/json/collection/v2.1.0/collection.json"
	},
	"item": [
		{
			"name": "CryptoKick App - UserProfile - Provisioning User by Nike Identifier",
			"request": {
				"method": "GET",
				"header": [],
				"url": {
					"raw": ""
				}
			},
			"response": []
		},
		{
			"name": "CryptoKick App - UserProfile - Get UserProfile by Nike Identifier",
			"request": {
				"method": "GET",
				"header": [],
				"url": {
					"raw": ""
				}
			},
			"response": []
		},
		{
			"name": "CryptoKick App - DigitalLocker - Get All DigitalLocker Items for User",
			"request": {
				"method": "GET",
				"header": [],
				"url": {
					"raw": ""
				}
			},
			"response": []
		},
		{
			"name": "CryptoKick App - DigitalLocker - Get DigitalLocker Item By TokenNumber",
			"request": {
				"method": "GET",
				"header": [],
				"url": {
					"raw": ""
				}
			},
			"response": []
		},
		{
			"name": "CryptoKick App - ProductCatalog - Get All Registered Products",
			"request": {
				"method": "GET",
				"header": [],
				"url": {
					"raw": ""
				}
			},
			"response": []
		},
		{
			"name": "CryptoKick App - ProductCatalog - Get ProductInfo",
			"request": {
				"method": "GET",
				"header": [],
				"url": {
					"raw": ""
				}
			},
			"response": []
		},
		{
			"name": "CryptoKick App - ProductCatalog - RegisterProductInfo",
			"request": {
				"method": "GET",
				"header": [],
				"url": {
					"raw": ""
				}
			},
			"response": []
		},
		{
			"name": "CryptoKick App - ProductCatalog - Delete ProductInfo",
			"request": {
				"method": "GET",
				"header": [],
				"url": {
					"raw": ""
				}
			},
			"response": []
		},
		{
			"name": "CryptoKick TokenAPI - Product Factory - MakeCryptoKicks",
			"request": {
				"method": "GET",
				"header": [],
				"url": {
					"raw": ""
				}
			},
			"response": []
		},
		{
			"name": "CryptoKick TokenAPI - Product Factory - Check CryptoKick from Token",
			"request": {
				"method": "GET",
				"header": [],
				"url": {
					"raw": ""
				}
			},
			"response": []
		},
		{
			"name": "CryptoKick TokenAPI -  User Management - Get ABT User Info",
			"request": {
				"method": "GET",
				"header": [],
				"url": {
					"raw": ""
				}
			},
			"response": []
		},
		{
			"name": "CryptoKick TokenAPI - User Management - Provisioning User in  ABT Service",
			"request": {
				"method": "GET",
				"header": [],
				"url": {
					"raw": ""
				}
			},
			"response": []
		},
		{
			"name": "CryptoKick TokenAPI - Token Management - Create new Token",
			"request": {
				"method": "GET",
				"header": [],
				"url": {
					"raw": ""
				}
			},
			"response": []
		},
		{
			"name": "CryptoKick TokenAPI - Token Management - Get TokenInfo",
			"request": {
				"method": "GET",
				"header": [],
				"url": {
					"raw": ""
				}
			},
			"response": []
		},
		{
			"name": "CryptoKick App - Gift Management - Create Gift",
			"request": {
				"method": "GET",
				"header": [],
				"url": {
					"raw": ""
				}
			},
			"response": []
		},
		{
			"name": "CryptoKick App - Gift Management - Get All Gift Requests",
			"request": {
				"method": "GET",
				"header": [],
				"url": {
					"raw": ""
				}
			},
			"response": []
		},
		{
			"name": "CryptoKick App - Gift Management - Get All Gift Request by GiftID",
			"request": {
				"method": "GET",
				"header": [],
				"url": {
					"raw": ""
				}
			},
			"response": []
		},
		{
			"name": "CryptoKick App - Gift Management - Generate Gift link",
			"request": {
				"method": "GET",
				"header": [],
				"url": {
					"raw": ""
				}
			},
			"response": []
		},
		{
			"name": "CryptoKick TokenAPI - TokenService - Check Token Owner",
			"request": {
				"method": "GET",
				"header": [],
				"url": {
					"raw": ""
				}
			},
			"response": []
		}
	],
	"event": [
		{
			"listen": "prerequest",
			"script": {
				"id": "ec94e077-3167-4b3b-b59c-d003899050b3",
				"type": "text/javascript",
				"exec": [
					""
				]
			}
		},
		{
			"listen": "test",
			"script": {
				"id": "2d926f56-40dc-44b3-8892-ae6594b39389",
				"type": "text/javascript",
				"exec": [
					""
				]
			}
		}
	],
	"protocolProfileBehavior": {}
}